<?xml version="1.0" encoding="UTF-8"?>
<project-private xmlns="http://www.netbeans.org/ns/project-private/1">
    <editor-bookmarks xmlns="http://www.netbeans.org/ns/editor-bookmarks/2" lastBookmarkId="0"/>
    <open-files xmlns="http://www.netbeans.org/ns/projectui-open-files/2">
        <group>
            <file>file:/C:/Users/patat/Desktop/Ali%20Buğra/OKUL/SINAVLAR%20-%20DERSLER/3.sınıf/Gerçek%20Zamanlı%20Programlama/Proje/filtre/filtre/src/filtre/ImgThreads.java</file>
            <file>file:/C:/Users/patat/Desktop/Ali%20Buğra/OKUL/SINAVLAR%20-%20DERSLER/3.sınıf/Gerçek%20Zamanlı%20Programlama/Proje/filtre/filtre/src/filtre/Filtre.java</file>
            <file>file:/C:/Users/patat/Desktop/Ali%20Buğra/OKUL/SINAVLAR%20-%20DERSLER/3.sınıf/Gerçek%20Zamanlı%20Programlama/Proje/filtre/filtre/src/filtre/NewJFrame.java</file>
        </group>
    </open-files>
</project-private>
